"config","task","language","status","train_seconds","predict_seconds","batched_ms_per_row","batched_rows_per_second","accuracy_fraction","macro_f1_fraction","unsupervised_metric","feature_dimensions_min","feature_dimensions_max","training_vocabulary_size_min","training_vocabulary_size_max","maximum_sequence_length","process_working_set_before_min_mb","process_working_set_after_max_mb","process_lifetime_peak_working_set_max_mb","neural_parameter_count_min","neural_parameter_count_max","float32_parameter_bytes_max","artifact_bytes","space_scope","notes"
"linear_regression_ovr","timebank_event_class","ro","completed_provided_annotation_diagnostic","1.1384707999999999","0.10623439999999999","0.017863527829157556","55979.983884692723","0.70556583151168661","0.49347658188136506","","5453","5469",,,,"331.08203125","363.8671875","396.5546875",,,,,"Min/max over three folds. Working set is the shared process snapshot before/after each trial; lifetime peak includes earlier algorithms, native state and retained data. Not isolated model RAM. Feature dimensions are the fitted concatenated input, before CART selection. Float32 parameter bytes exclude gradients, optimizer, activations and vocabulary. Classifier weights were not exported; disk size is unavailable.","Provided annotation, adjudication unknown; pooled out-of-fold conditional classification; fit is SUM of 3 independently fitted folds; batched timing is not interactive latency."
"sdca","timebank_event_class","ro","completed_provided_annotation_diagnostic","1.2025874000000001","0.039740900000000003","0.0066825121910206835","149644.32108985956","0.72204472843450485","0.58244978959625404","","5453","5469",,,,"261.09375","299.26953125","396.5546875",,,,,"Min/max over three folds. Working set is the shared process snapshot before/after each trial; lifetime peak includes earlier algorithms, native state and retained data. Not isolated model RAM. Feature dimensions are the fitted concatenated input, before CART selection. Float32 parameter bytes exclude gradients, optimizer, activations and vocabulary. Classifier weights were not exported; disk size is unavailable.","Provided annotation, adjudication unknown; pooled out-of-fold conditional classification; fit is SUM of 3 independently fitted folds; batched timing is not interactive latency."
"lbfgs","timebank_event_class","ro","completed_provided_annotation_diagnostic","2.4357281999999998","0.0459554","0.0077274928535395991","129408.07826718948","0.70085757524802417","0.46509091745345821","","5453","5469",,,,"279.4453125","306.9765625","396.5546875",,,,,"Min/max over three folds. Working set is the shared process snapshot before/after each trial; lifetime peak includes earlier algorithms, native state and retained data. Not isolated model RAM. Feature dimensions are the fitted concatenated input, before CART selection. Float32 parameter bytes exclude gradients, optimizer, activations and vocabulary. Classifier weights were not exported; disk size is unavailable.","Provided annotation, adjudication unknown; pooled out-of-fold conditional classification; fit is SUM of 3 independently fitted folds; batched timing is not interactive latency."
"decision_tree","timebank_event_class","ro","completed_provided_annotation_diagnostic","0.73862289999999997","0.071361499999999994","0.011999579619976457","83336.252741324104","0.66184630906339326","0.37860359307798658","","5453","5469",,,,"353.08984375","380.71484375","396.5546875",,,,,"Min/max over three folds. Working set is the shared process snapshot before/after each trial; lifetime peak includes earlier algorithms, native state and retained data. Not isolated model RAM. Feature dimensions are the fitted concatenated input, before CART selection. Float32 parameter bytes exclude gradients, optimizer, activations and vocabulary. Classifier weights were not exported; disk size is unavailable.","Provided annotation, adjudication unknown; pooled out-of-fold conditional classification; fit is SUM of 3 independently fitted folds; batched timing is not interactive latency."
"fastforest_ova","timebank_event_class","ro","completed_provided_annotation_diagnostic","158.73213479999998","0.15226589999999998","0.025603817050613754","39056.676511287165","0.70388431141752139","0.56603139394894286","","5453","5469",,,,"286.59765625","282.984375","396.5546875",,,,,"Min/max over three folds. Working set is the shared process snapshot before/after each trial; lifetime peak includes earlier algorithms, native state and retained data. Not isolated model RAM. Feature dimensions are the fitted concatenated input, before CART selection. Float32 parameter bytes exclude gradients, optimizer, activations and vocabulary. Classifier weights were not exported; disk size is unavailable.","Provided annotation, adjudication unknown; pooled out-of-fold conditional classification; fit is SUM of 3 independently fitted folds; batched timing is not interactive latency."
"fasttree_ova","timebank_event_class","ro","completed_provided_annotation_diagnostic","355.96949919999997","0.23829430000000001","0.040069665377501264","24956.534839482101","0.70909702370943328","0.56499148913249975","","5453","5469",,,,"270.2109375","306.19921875","396.5546875",,,,,"Min/max over three folds. Working set is the shared process snapshot before/after each trial; lifetime peak includes earlier algorithms, native state and retained data. Not isolated model RAM. Feature dimensions are the fitted concatenated input, before CART selection. Float32 parameter bytes exclude gradients, optimizer, activations and vocabulary. Classifier weights were not exported; disk size is unavailable.","Provided annotation, adjudication unknown; pooled out-of-fold conditional classification; fit is SUM of 3 independently fitted folds; batched timing is not interactive latency."
"lightgbm","timebank_event_class","ro","completed_provided_annotation_diagnostic","46.7850605","0.23730439999999997","0.039903211703379848","25060.639415029815","0.70825626366235073","0.53691060921041811","","5453","5469",,,,"297.734375","342.85546875","396.5546875",,,,,"Min/max over three folds. Working set is the shared process snapshot before/after each trial; lifetime peak includes earlier algorithms, native state and retained data. Not isolated model RAM. Feature dimensions are the fitted concatenated input, before CART selection. Float32 parameter bytes exclude gradients, optimizer, activations and vocabulary. Classifier weights were not exported; disk size is unavailable.","Provided annotation, adjudication unknown; pooled out-of-fold conditional classification; fit is SUM of 3 independently fitted folds; batched timing is not interactive latency."
"linear_svm_ova","timebank_event_class","ro","completed_provided_annotation_diagnostic","6.6671951000000007","0.063968200000000003","0.010756381368757357","92968.068509040429","0.7170001681520094","0.55024879821808337","","5453","5469",,,,"282.76171875","295.2734375","396.5546875",,,,,"Min/max over three folds. Working set is the shared process snapshot before/after each trial; lifetime peak includes earlier algorithms, native state and retained data. Not isolated model RAM. Feature dimensions are the fitted concatenated input, before CART selection. Float32 parameter bytes exclude gradients, optimizer, activations and vocabulary. Classifier weights were not exported; disk size is unavailable.","Provided annotation, adjudication unknown; pooled out-of-fold conditional classification; fit is SUM of 3 independently fitted folds; batched timing is not interactive latency."
"knn","timebank_event_class","ro","completed_provided_annotation_diagnostic","0.17578830000000001","21.419750700000002","3.601774121405751","277.64095312276436","0.6911047587018665","0.55898573551494857","","5453","5469",,,,"361.74609375","380.640625","396.5546875",,,,,"Min/max over three folds. Working set is the shared process snapshot before/after each trial; lifetime peak includes earlier algorithms, native state and retained data. Not isolated model RAM. Feature dimensions are the fitted concatenated input, before CART selection. Float32 parameter bytes exclude gradients, optimizer, activations and vocabulary. Classifier weights were not exported; disk size is unavailable.","Provided annotation, adjudication unknown; pooled out-of-fold conditional classification; fit is SUM of 3 independently fitted folds; batched timing is not interactive latency."
"naive_bayes","timebank_event_class","ro","completed_provided_annotation_diagnostic","0.17861569999999999","0.078878099999999993","0.013263511013956616","75394.818080050114","0.597444089456869","0.21247088761364477","","5453","5469",,,,"291.3203125","305.66015625","396.5546875",,,,,"Min/max over three folds. Working set is the shared process snapshot before/after each trial; lifetime peak includes earlier algorithms, native state and retained data. Not isolated model RAM. Feature dimensions are the fitted concatenated input, before CART selection. Float32 parameter bytes exclude gradients, optimizer, activations and vocabulary. Classifier weights were not exported; disk size is unavailable.","Provided annotation, adjudication unknown; pooled out-of-fold conditional classification; fit is SUM of 3 independently fitted folds; batched timing is not interactive latency."
"mlp","timebank_event_class","ro","completed_provided_annotation_diagnostic","18.605354999999999","1.6268815000000001","0.27356339330755003","3655.4598475672628","0.51958970909702373","0.097693608814556035","",,,"2048","2048","64","335.7890625","291.6015625","396.5546875","131591","131591","526364",,"Min/max over three folds. Working set is the shared process snapshot before/after each trial; lifetime peak includes earlier algorithms, native state and retained data. Not isolated model RAM. Feature dimensions are the fitted concatenated input, before CART selection. Float32 parameter bytes exclude gradients, optimizer, activations and vocabulary. Classifier weights were not exported; disk size is unavailable.","Provided annotation, adjudication unknown; pooled out-of-fold conditional classification; fit is SUM of 3 independently fitted folds; batched timing is not interactive latency."
"cnn","timebank_event_class","ro","completed_provided_annotation_diagnostic","21.379991499999999","1.7988048000000001","0.30247264166806798","3306.084128750379","0.64973936438540436","0.31810749849100617","",,,"2048","2048","64","252.73046875","303.04296875","396.5546875","68871","68871","275484",,"Min/max over three folds. Working set is the shared process snapshot before/after each trial; lifetime peak includes earlier algorithms, native state and retained data. Not isolated model RAM. Feature dimensions are the fitted concatenated input, before CART selection. Float32 parameter bytes exclude gradients, optimizer, activations and vocabulary. Classifier weights were not exported; disk size is unavailable.","Provided annotation, adjudication unknown; pooled out-of-fold conditional classification; fit is SUM of 3 independently fitted folds; batched timing is not interactive latency."
"rnn","timebank_event_class","ro","completed_provided_annotation_diagnostic","26.789960199999999","1.9228757000000001","0.32333541281318312","3092.7636144135577","0.5604506473852362","0.18328468537867912","",,,"2048","2048","64","272.24609375","289.9453125","396.5546875","74215","74215","296860",,"Min/max over three folds. Working set is the shared process snapshot before/after each trial; lifetime peak includes earlier algorithms, native state and retained data. Not isolated model RAM. Feature dimensions are the fitted concatenated input, before CART selection. Float32 parameter bytes exclude gradients, optimizer, activations and vocabulary. Classifier weights were not exported; disk size is unavailable.","Provided annotation, adjudication unknown; pooled out-of-fold conditional classification; fit is SUM of 3 independently fitted folds; batched timing is not interactive latency."
"transformer","timebank_event_class","ro","completed_provided_annotation_diagnostic","39.730500300000003","2.6243136000000002","0.44128360517908194","2266.1163665805793","0.62148982680343035","0.27261678710390541","",,,"2048","2048","64","262.5859375","292.75","396.5546875","76359","76359","305436",,"Min/max over three folds. Working set is the shared process snapshot before/after each trial; lifetime peak includes earlier algorithms, native state and retained data. Not isolated model RAM. Feature dimensions are the fitted concatenated input, before CART selection. Float32 parameter bytes exclude gradients, optimizer, activations and vocabulary. Classifier weights were not exported; disk size is unavailable.","Provided annotation, adjudication unknown; pooled out-of-fold conditional classification; fit is SUM of 3 independently fitted folds; batched timing is not interactive latency."
"linear_regression_ovr","timebank_event_tense","ro","completed_provided_annotation_diagnostic","1.1390451000000001","0.10957639999999999","0.018509527027027024","54026.231925852655","0.76435810810810811","0.60770297459045131","","5453","5469",,,,"351.6015625","375.9453125","414.44140625",,,,,"Min/max over three folds. Working set is the shared process snapshot before/after each trial; lifetime peak includes earlier algorithms, native state and retained data. Not isolated model RAM. Feature dimensions are the fitted concatenated input, before CART selection. Float32 parameter bytes exclude gradients, optimizer, activations and vocabulary. Classifier weights were not exported; disk size is unavailable.","Provided annotation, adjudication unknown; pooled out-of-fold conditional classification; fit is SUM of 3 independently fitted folds; batched timing is not interactive latency."
"sdca","timebank_event_tense","ro","completed_provided_annotation_diagnostic","0.91167000000000009","0.036917800000000001","0.0062361148648648647","160356.25091419314","0.77381756756756759","0.63199849313563383","","5453","5469",,,,"292.94921875","303.93359375","406.515625",,,,,"Min/max over three folds. Working set is the shared process snapshot before/after each trial; lifetime peak includes earlier algorithms, native state and retained data. Not isolated model RAM. Feature dimensions are the fitted concatenated input, before CART selection. Float32 parameter bytes exclude gradients, optimizer, activations and vocabulary. Classifier weights were not exported; disk size is unavailable.","Provided annotation, adjudication unknown; pooled out-of-fold conditional classification; fit is SUM of 3 independently fitted folds; batched timing is not interactive latency."
"lbfgs","timebank_event_tense","ro","completed_provided_annotation_diagnostic","2.6812203000000001","0.038431599999999996","0.0064918243243243237","154039.90466178875","0.75726351351351351","0.58737066138599514","","5453","5469",,,,"290.16015625","298.7265625","406.515625",,,,,"Min/max over three folds. Working set is the shared process snapshot before/after each trial; lifetime peak includes earlier algorithms, native state and retained data. Not isolated model RAM. Feature dimensions are the fitted concatenated input, before CART selection. Float32 parameter bytes exclude gradients, optimizer, activations and vocabulary. Classifier weights were not exported; disk size is unavailable.","Provided annotation, adjudication unknown; pooled out-of-fold conditional classification; fit is SUM of 3 independently fitted folds; batched timing is not interactive latency."
"decision_tree","timebank_event_tense","ro","completed_provided_annotation_diagnostic","0.74678749999999994","0.066557499999999992","0.011242820945945944","88945.648499417803","0.58158783783783785","0.33480138687776878","","5453","5469",,,,"360.91015625","387.984375","414.44140625",,,,,"Min/max over three folds. Working set is the shared process snapshot before/after each trial; lifetime peak includes earlier algorithms, native state and retained data. Not isolated model RAM. Feature dimensions are the fitted concatenated input, before CART selection. Float32 parameter bytes exclude gradients, optimizer, activations and vocabulary. Classifier weights were not exported; disk size is unavailable.","Provided annotation, adjudication unknown; pooled out-of-fold conditional classification; fit is SUM of 3 independently fitted folds; batched timing is not interactive latency."
"fastforest_ova","timebank_event_tense","ro","completed_provided_annotation_diagnostic","154.62761949999998","0.14351049999999999","0.024241638513513509","41251.337010183925","0.76706081081081079","0.64801406036901177","","5453","5469",,,,"296.9765625","314.32421875","406.515625",,,,,"Min/max over three folds. Working set is the shared process snapshot before/after each trial; lifetime peak includes earlier algorithms, native state and retained data. Not isolated model RAM. Feature dimensions are the fitted concatenated input, before CART selection. Float32 parameter bytes exclude gradients, optimizer, activations and vocabulary. Classifier weights were not exported; disk size is unavailable.","Provided annotation, adjudication unknown; pooled out-of-fold conditional classification; fit is SUM of 3 independently fitted folds; batched timing is not interactive latency."
"fasttree_ova","timebank_event_tense","ro","completed_provided_annotation_diagnostic","347.61532649999998","0.20636299999999996","0.034858614864864863","28687.313132683674","0.79138513513513509","0.65435099209874126","","5453","5469",,,,"306.46484375","333.98046875","406.515625",,,,,"Min/max over three folds. Working set is the shared process snapshot before/after each trial; lifetime peak includes earlier algorithms, native state and retained data. Not isolated model RAM. Feature dimensions are the fitted concatenated input, before CART selection. Float32 parameter bytes exclude gradients, optimizer, activations and vocabulary. Classifier weights were not exported; disk size is unavailable.","Provided annotation, adjudication unknown; pooled out-of-fold conditional classification; fit is SUM of 3 independently fitted folds; batched timing is not interactive latency."
"lightgbm","timebank_event_tense","ro","completed_provided_annotation_diagnostic","50.344498799999997","0.22678009999999998","0.038307449324324318","26104.58325047039","0.78716216216216217","0.64641263642463564","","5453","5469",,,,"326.5703125","365.03125","414.44140625",,,,,"Min/max over three folds. Working set is the shared process snapshot before/after each trial; lifetime peak includes earlier algorithms, native state and retained data. Not isolated model RAM. Feature dimensions are the fitted concatenated input, before CART selection. Float32 parameter bytes exclude gradients, optimizer, activations and vocabulary. Classifier weights were not exported; disk size is unavailable.","Provided annotation, adjudication unknown; pooled out-of-fold conditional classification; fit is SUM of 3 independently fitted folds; batched timing is not interactive latency."
"linear_svm_ova","timebank_event_tense","ro","completed_provided_annotation_diagnostic","6.4615708999999999","0.22979559999999999","0.038816824324324324","25762.025034421895","0.77483108108108112","0.62756634704703718","","5453","5469",,,,"293.85546875","304.6015625","406.515625",,,,,"Min/max over three folds. Working set is the shared process snapshot before/after each trial; lifetime peak includes earlier algorithms, native state and retained data. Not isolated model RAM. Feature dimensions are the fitted concatenated input, before CART selection. Float32 parameter bytes exclude gradients, optimizer, activations and vocabulary. Classifier weights were not exported; disk size is unavailable.","Provided annotation, adjudication unknown; pooled out-of-fold conditional classification; fit is SUM of 3 independently fitted folds; batched timing is not interactive latency."
"knn","timebank_event_tense","ro","completed_provided_annotation_diagnostic","0.18207970000000001","21.661706500000001","3.6590720439189188","273.29333448405828","0.69611486486486485","0.50790468018275037","","5453","5469",,,,"373.015625","397.59765625","414.44140625",,,,,"Min/max over three folds. Working set is the shared process snapshot before/after each trial; lifetime peak includes earlier algorithms, native state and retained data. Not isolated model RAM. Feature dimensions are the fitted concatenated input, before CART selection. Float32 parameter bytes exclude gradients, optimizer, activations and vocabulary. Classifier weights were not exported; disk size is unavailable.","Provided annotation, adjudication unknown; pooled out-of-fold conditional classification; fit is SUM of 3 independently fitted folds; batched timing is not interactive latency."
"naive_bayes","timebank_event_tense","ro","completed_provided_annotation_diagnostic","0.19060120000000003","0.071925099999999992","0.012149510135135133","82307.845244566925","0.58412162162162162","0.23489557468289507","","5453","5469",,,,"295.46875","299.90625","406.515625",,,,,"Min/max over three folds. Working set is the shared process snapshot before/after each trial; lifetime peak includes earlier algorithms, native state and retained data. Not isolated model RAM. Feature dimensions are the fitted concatenated input, before CART selection. Float32 parameter bytes exclude gradients, optimizer, activations and vocabulary. Classifier weights were not exported; disk size is unavailable.","Provided annotation, adjudication unknown; pooled out-of-fold conditional classification; fit is SUM of 3 independently fitted folds; batched timing is not interactive latency."
"mlp","timebank_event_tense","ro","completed_provided_annotation_diagnostic","18.175798399999998","1.6520698999999999","0.27906586148648649","3583.383487587299","0.46114864864864863","0.16346953884143137","",,,"2048","2048","64","391.86328125","295.11328125","414.44140625","131591","131591","526364",,"Min/max over three folds. Working set is the shared process snapshot before/after each trial; lifetime peak includes earlier algorithms, native state and retained data. Not isolated model RAM. Feature dimensions are the fitted concatenated input, before CART selection. Float32 parameter bytes exclude gradients, optimizer, activations and vocabulary. Classifier weights were not exported; disk size is unavailable.","Provided annotation, adjudication unknown; pooled out-of-fold conditional classification; fit is SUM of 3 independently fitted folds; batched timing is not interactive latency."
"cnn","timebank_event_tense","ro","completed_provided_annotation_diagnostic","20.861304599999997","1.7271025","0.29174028716216216","3427.7062305219292","0.68209459459459465","0.45912572891887116","",,,"2048","2048","64","291.453125","309.8046875","414.44140625","68871","68871","275484",,"Min/max over three folds. Working set is the shared process snapshot before/after each trial; lifetime peak includes earlier algorithms, native state and retained data. Not isolated model RAM. Feature dimensions are the fitted concatenated input, before CART selection. Float32 parameter bytes exclude gradients, optimizer, activations and vocabulary. Classifier weights were not exported; disk size is unavailable.","Provided annotation, adjudication unknown; pooled out-of-fold conditional classification; fit is SUM of 3 independently fitted folds; batched timing is not interactive latency."
"rnn","timebank_event_tense","ro","completed_provided_annotation_diagnostic","25.042387699999999","1.8461295","0.31184619932432434","3206.7089551410127","0.46824324324324323","0.1757420277012591","",,,"2048","2048","64","306.9609375","302.68359375","414.44140625","74215","74215","296860",,"Min/max over three folds. Working set is the shared process snapshot before/after each trial; lifetime peak includes earlier algorithms, native state and retained data. Not isolated model RAM. Feature dimensions are the fitted concatenated input, before CART selection. Float32 parameter bytes exclude gradients, optimizer, activations and vocabulary. Classifier weights were not exported; disk size is unavailable.","Provided annotation, adjudication unknown; pooled out-of-fold conditional classification; fit is SUM of 3 independently fitted folds; batched timing is not interactive latency."
"transformer","timebank_event_tense","ro","completed_provided_annotation_diagnostic","39.210426999999996","2.4604141999999998","0.4156105067567567","2406.0989405767536","0.56638513513513511","0.30227630769222985","",,,"2048","2048","64","295.078125","316.62890625","414.44140625","76359","76359","305436",,"Min/max over three folds. Working set is the shared process snapshot before/after each trial; lifetime peak includes earlier algorithms, native state and retained data. Not isolated model RAM. Feature dimensions are the fitted concatenated input, before CART selection. Float32 parameter bytes exclude gradients, optimizer, activations and vocabulary. Classifier weights were not exported; disk size is unavailable.","Provided annotation, adjudication unknown; pooled out-of-fold conditional classification; fit is SUM of 3 independently fitted folds; batched timing is not interactive latency."
"linear_regression_ovr","timebank_timex_type","ro","completed_provided_annotation_diagnostic","0.33966350000000001","0.025319999999999995","0.022132867132867131","45181.674565560832","0.92482517482517479","0.63227544777932376","","4762","4793",,,,"279.37109375","288.421875","434.96484375",,,,,"Min/max over three folds. Working set is the shared process snapshot before/after each trial; lifetime peak includes earlier algorithms, native state and retained data. Not isolated model RAM. Feature dimensions are the fitted concatenated input, before CART selection. Float32 parameter bytes exclude gradients, optimizer, activations and vocabulary. Classifier weights were not exported; disk size is unavailable.","Provided annotation, adjudication unknown; pooled out-of-fold conditional classification; fit is SUM of 3 independently fitted folds; batched timing is not interactive latency."
"sdca","timebank_timex_type","ro","completed_provided_annotation_diagnostic","0.1411956","0.024794400000000001","0.021673426573426573","46139.450843738909","0.91958041958041958","0.61404544992311028","","4762","4793",,,,"304.7109375","315.83984375","434.96484375",,,,,"Min/max over three folds. Working set is the shared process snapshot before/after each trial; lifetime peak includes earlier algorithms, native state and retained data. Not isolated model RAM. Feature dimensions are the fitted concatenated input, before CART selection. Float32 parameter bytes exclude gradients, optimizer, activations and vocabulary. Classifier weights were not exported; disk size is unavailable.","Provided annotation, adjudication unknown; pooled out-of-fold conditional classification; fit is SUM of 3 independently fitted folds; batched timing is not interactive latency."
"lbfgs","timebank_timex_type","ro","completed_provided_annotation_diagnostic","0.27290510000000001","0.042505300000000003","0.037154982517482525","26914.290688455319","0.88199300699300698","0.44453658947216101","","4762","4793",,,,"305.10546875","317.546875","434.96484375",,,,,"Min/max over three folds. Working set is the shared process snapshot before/after each trial; lifetime peak includes earlier algorithms, native state and retained data. Not isolated model RAM. Feature dimensions are the fitted concatenated input, before CART selection. Float32 parameter bytes exclude gradients, optimizer, activations and vocabulary. Classifier weights were not exported; disk size is unavailable.","Provided annotation, adjudication unknown; pooled out-of-fold conditional classification; fit is SUM of 3 independently fitted folds; batched timing is not interactive latency."
"decision_tree","timebank_timex_type","ro","completed_provided_annotation_diagnostic","0.13869119999999999","0.027738199999999998","0.02424667832167832","41242.762688278264","0.8723776223776224","0.4557695199727187","","4762","4793",,,,"286.2421875","289.1171875","434.96484375",,,,,"Min/max over three folds. Working set is the shared process snapshot before/after each trial; lifetime peak includes earlier algorithms, native state and retained data. Not isolated model RAM. Feature dimensions are the fitted concatenated input, before CART selection. Float32 parameter bytes exclude gradients, optimizer, activations and vocabulary. Classifier weights were not exported; disk size is unavailable.","Provided annotation, adjudication unknown; pooled out-of-fold conditional classification; fit is SUM of 3 independently fitted folds; batched timing is not interactive latency."
"fastforest_ova","timebank_timex_type","ro","completed_provided_annotation_diagnostic","31.798891999999999","0.045576400000000003","0.039839510489510489","25100.710016587531","0.90209790209790208","0.5610991324764526","","4762","4793",,,,"275.15625","283.4921875","434.96484375",,,,,"Min/max over three folds. Working set is the shared process snapshot before/after each trial; lifetime peak includes earlier algorithms, native state and retained data. Not isolated model RAM. Feature dimensions are the fitted concatenated input, before CART selection. Float32 parameter bytes exclude gradients, optimizer, activations and vocabulary. Classifier weights were not exported; disk size is unavailable.","Provided annotation, adjudication unknown; pooled out-of-fold conditional classification; fit is SUM of 3 independently fitted folds; batched timing is not interactive latency."
"fasttree_ova","timebank_timex_type","ro","completed_provided_annotation_diagnostic","77.93440050000001","0.056785100000000005","0.049637325174825178","20146.129882662881","0.90384615384615385","0.5937182111678756","","4762","4793",,,,"277.58203125","276.734375","434.96484375",,,,,"Min/max over three folds. Working set is the shared process snapshot before/after each trial; lifetime peak includes earlier algorithms, native state and retained data. Not isolated model RAM. Feature dimensions are the fitted concatenated input, before CART selection. Float32 parameter bytes exclude gradients, optimizer, activations and vocabulary. Classifier weights were not exported; disk size is unavailable.","Provided annotation, adjudication unknown; pooled out-of-fold conditional classification; fit is SUM of 3 independently fitted folds; batched timing is not interactive latency."
"lightgbm","timebank_timex_type","ro","completed_provided_annotation_diagnostic","4.8689131999999997","0.044053500000000002","0.038508304195804192","25968.42475626227","0.90122377622377625","0.55437032404512077","","4762","4793",,,,"275.08203125","284.01171875","434.96484375",,,,,"Min/max over three folds. Working set is the shared process snapshot before/after each trial; lifetime peak includes earlier algorithms, native state and retained data. Not isolated model RAM. Feature dimensions are the fitted concatenated input, before CART selection. Float32 parameter bytes exclude gradients, optimizer, activations and vocabulary. Classifier weights were not exported; disk size is unavailable.","Provided annotation, adjudication unknown; pooled out-of-fold conditional classification; fit is SUM of 3 independently fitted folds; batched timing is not interactive latency."
"linear_svm_ova","timebank_timex_type","ro","completed_provided_annotation_diagnostic","0.98797489999999999","0.026815600000000002","0.023440209790209793","42661.7342144125","0.92220279720279719","0.72105038512284958","","4762","4793",,,,"303.30859375","302.12890625","434.96484375",,,,,"Min/max over three folds. Working set is the shared process snapshot before/after each trial; lifetime peak includes earlier algorithms, native state and retained data. Not isolated model RAM. Feature dimensions are the fitted concatenated input, before CART selection. Float32 parameter bytes exclude gradients, optimizer, activations and vocabulary. Classifier weights were not exported; disk size is unavailable.","Provided annotation, adjudication unknown; pooled out-of-fold conditional classification; fit is SUM of 3 independently fitted folds; batched timing is not interactive latency."
"knn","timebank_timex_type","ro","completed_provided_annotation_diagnostic","0.053385199999999994","0.7413942","0.64807185314685312","1543.0387774816691","0.91171328671328666","0.63833331003319493","","4762","4793",,,,"286.4765625","290.33203125","434.96484375",,,,,"Min/max over three folds. Working set is the shared process snapshot before/after each trial; lifetime peak includes earlier algorithms, native state and retained data. Not isolated model RAM. Feature dimensions are the fitted concatenated input, before CART selection. Float32 parameter bytes exclude gradients, optimizer, activations and vocabulary. Classifier weights were not exported; disk size is unavailable.","Provided annotation, adjudication unknown; pooled out-of-fold conditional classification; fit is SUM of 3 independently fitted folds; batched timing is not interactive latency."
"naive_bayes","timebank_timex_type","ro","completed_provided_annotation_diagnostic","0.053611900000000004","0.0239394","0.020926048951048951","47787.329674093751","0.81905594405594406","0.22513214800576645","","4762","4793",,,,"303.26953125","317.55859375","434.96484375",,,,,"Min/max over three folds. Working set is the shared process snapshot before/after each trial; lifetime peak includes earlier algorithms, native state and retained data. Not isolated model RAM. Feature dimensions are the fitted concatenated input, before CART selection. Float32 parameter bytes exclude gradients, optimizer, activations and vocabulary. Classifier weights were not exported; disk size is unavailable.","Provided annotation, adjudication unknown; pooled out-of-fold conditional classification; fit is SUM of 3 independently fitted folds; batched timing is not interactive latency."
"mlp","timebank_timex_type","ro","completed_provided_annotation_diagnostic","3.8022125999999998","0.31377870000000002","0.27428208041958041","3645.8816356878269","0.81905594405594406","0.22513214800576645","",,,"2048","2048","64","286.6640625","315.0703125","434.96484375","131396","131396","525584",,"Min/max over three folds. Working set is the shared process snapshot before/after each trial; lifetime peak includes earlier algorithms, native state and retained data. Not isolated model RAM. Feature dimensions are the fitted concatenated input, before CART selection. Float32 parameter bytes exclude gradients, optimizer, activations and vocabulary. Classifier weights were not exported; disk size is unavailable.","Provided annotation, adjudication unknown; pooled out-of-fold conditional classification; fit is SUM of 3 independently fitted folds; batched timing is not interactive latency."
"cnn","timebank_timex_type","ro","completed_provided_annotation_diagnostic","4.0490555000000006","0.33387650000000002","0.29185008741258744","3426.4166540622055","0.81905594405594406","0.22513214800576645","",,,"2048","2048","64","305.65234375","314.02734375","434.96484375","68772","68772","275088",,"Min/max over three folds. Working set is the shared process snapshot before/after each trial; lifetime peak includes earlier algorithms, native state and retained data. Not isolated model RAM. Feature dimensions are the fitted concatenated input, before CART selection. Float32 parameter bytes exclude gradients, optimizer, activations and vocabulary. Classifier weights were not exported; disk size is unavailable.","Provided annotation, adjudication unknown; pooled out-of-fold conditional classification; fit is SUM of 3 independently fitted folds; batched timing is not interactive latency."
"rnn","timebank_timex_type","ro","completed_provided_annotation_diagnostic","4.8953147000000001","0.36167830000000001","0.31615236013986014","3163.0318987896148","0.81905594405594406","0.22513214800576645","",,,"2048","2048","64","304.42578125","314.48828125","434.96484375","74116","74116","296464",,"Min/max over three folds. Working set is the shared process snapshot before/after each trial; lifetime peak includes earlier algorithms, native state and retained data. Not isolated model RAM. Feature dimensions are the fitted concatenated input, before CART selection. Float32 parameter bytes exclude gradients, optimizer, activations and vocabulary. Classifier weights were not exported; disk size is unavailable.","Provided annotation, adjudication unknown; pooled out-of-fold conditional classification; fit is SUM of 3 independently fitted folds; batched timing is not interactive latency."
"transformer","timebank_timex_type","ro","completed_provided_annotation_diagnostic","7.6107166999999993","0.50616830000000002","0.44245480769230766","2260.1178303738102","0.82167832167832167","0.25045717035611165","",,,"2048","2048","64","305.67578125","309.6796875","434.96484375","76260","76260","305040",,"Min/max over three folds. Working set is the shared process snapshot before/after each trial; lifetime peak includes earlier algorithms, native state and retained data. Not isolated model RAM. Feature dimensions are the fitted concatenated input, before CART selection. Float32 parameter bytes exclude gradients, optimizer, activations and vocabulary. Classifier weights were not exported; disk size is unavailable.","Provided annotation, adjudication unknown; pooled out-of-fold conditional classification; fit is SUM of 3 independently fitted folds; batched timing is not interactive latency."
"linear_regression_ovr","timebank_tlink","ro","completed_provided_annotation_diagnostic","4.8277945999999998","0.16998989999999997","0.035355636439267882","28284.033345510532","0.40037437603993342","0.20399665647510504","","11571","11680",,,,"456.73828125","489.7421875","560.73046875",,,,,"Min/max over three folds. Working set is the shared process snapshot before/after each trial; lifetime peak includes earlier algorithms, native state and retained data. Not isolated model RAM. Feature dimensions are the fitted concatenated input, before CART selection. Float32 parameter bytes exclude gradients, optimizer, activations and vocabulary. Classifier weights were not exported; disk size is unavailable.","Provided annotation, adjudication unknown; pooled out-of-fold conditional classification; fit is SUM of 3 independently fitted folds; batched timing is not interactive latency."
"sdca","timebank_tlink","ro","completed_provided_annotation_diagnostic","3.7730430999999998","0.060111200000000004","0.012502329450915142","79985.094291912319","0.41098169717138106","0.22951563496387101","","11571","11680",,,,"311.05078125","319.9453125","555.9921875",,,,,"Min/max over three folds. Working set is the shared process snapshot before/after each trial; lifetime peak includes earlier algorithms, native state and retained data. Not isolated model RAM. Feature dimensions are the fitted concatenated input, before CART selection. Float32 parameter bytes exclude gradients, optimizer, activations and vocabulary. Classifier weights were not exported; disk size is unavailable.","Provided annotation, adjudication unknown; pooled out-of-fold conditional classification; fit is SUM of 3 independently fitted folds; batched timing is not interactive latency."
"lbfgs","timebank_tlink","ro","completed_provided_annotation_diagnostic","10.6625044","0.055214900000000004","0.011483964226289519","87077.944540332406","0.4084858569051581","0.20374997837348197","","11571","11680",,,,"314.3984375","330.58203125","555.9921875",,,,,"Min/max over three folds. Working set is the shared process snapshot before/after each trial; lifetime peak includes earlier algorithms, native state and retained data. Not isolated model RAM. Feature dimensions are the fitted concatenated input, before CART selection. Float32 parameter bytes exclude gradients, optimizer, activations and vocabulary. Classifier weights were not exported; disk size is unavailable.","Provided annotation, adjudication unknown; pooled out-of-fold conditional classification; fit is SUM of 3 independently fitted folds; batched timing is not interactive latency."
"decision_tree","timebank_tlink","ro","completed_provided_annotation_diagnostic","0.73865709999999996","0.095494900000000008","0.019861668053244592","50348.238492317389","0.28993344425956741","0.096776225383589792","","11571","11680",,,,"479.375","514.65625","560.73046875",,,,,"Min/max over three folds. Working set is the shared process snapshot before/after each trial; lifetime peak includes earlier algorithms, native state and retained data. Not isolated model RAM. Feature dimensions are the fitted concatenated input, before CART selection. Float32 parameter bytes exclude gradients, optimizer, activations and vocabulary. Classifier weights were not exported; disk size is unavailable.","Provided annotation, adjudication unknown; pooled out-of-fold conditional classification; fit is SUM of 3 independently fitted folds; batched timing is not interactive latency."
"fastforest_ova","timebank_tlink","ro","completed_provided_annotation_diagnostic","419.32286589999995","0.28967209999999999","0.060247940931780368","16598.077619487689","0.3999584026622296","0.22758783664917237","","11571","11680",,,,"337.17578125","345.88671875","555.9921875",,,,,"Min/max over three folds. Working set is the shared process snapshot before/after each trial; lifetime peak includes earlier algorithms, native state and retained data. Not isolated model RAM. Feature dimensions are the fitted concatenated input, before CART selection. Float32 parameter bytes exclude gradients, optimizer, activations and vocabulary. Classifier weights were not exported; disk size is unavailable.","Provided annotation, adjudication unknown; pooled out-of-fold conditional classification; fit is SUM of 3 independently fitted folds; batched timing is not interactive latency."
"fasttree_ova","timebank_tlink","ro","completed_provided_annotation_diagnostic","936.32469259999993","0.40403290000000003","0.084033465058236279","11900.021013140265","0.40786189683860236","0.20987585990662175","","11571","11680",,,,"319.1953125","406.06640625","555.9921875",,,,,"Min/max over three folds. Working set is the shared process snapshot before/after each trial; lifetime peak includes earlier algorithms, native state and retained data. Not isolated model RAM. Feature dimensions are the fitted concatenated input, before CART selection. Float32 parameter bytes exclude gradients, optimizer, activations and vocabulary. Classifier weights were not exported; disk size is unavailable.","Provided annotation, adjudication unknown; pooled out-of-fold conditional classification; fit is SUM of 3 independently fitted folds; batched timing is not interactive latency."
"lightgbm","timebank_tlink","ro","completed_provided_annotation_diagnostic","126.0548647","0.34771209999999997","0.072319488352745417","13827.531454901915","0.41285357737104827","0.20291845469403902","","11571","11680",,,,"385.62109375","464.2109375","560.73046875",,,,,"Min/max over three folds. Working set is the shared process snapshot before/after each trial; lifetime peak includes earlier algorithms, native state and retained data. Not isolated model RAM. Feature dimensions are the fitted concatenated input, before CART selection. Float32 parameter bytes exclude gradients, optimizer, activations and vocabulary. Classifier weights were not exported; disk size is unavailable.","Provided annotation, adjudication unknown; pooled out-of-fold conditional classification; fit is SUM of 3 independently fitted folds; batched timing is not interactive latency."
"linear_svm_ova","timebank_tlink","ro","completed_provided_annotation_diagnostic","15.703780099999999","0.10004079999999999","0.020807154742096504","48060.391360324997","0.42075707154742098","0.22994399226936332","","11571","11680",,,,"326.171875","352.328125","555.9921875",,,,,"Min/max over three folds. Working set is the shared process snapshot before/after each trial; lifetime peak includes earlier algorithms, native state and retained data. Not isolated model RAM. Feature dimensions are the fitted concatenated input, before CART selection. Float32 parameter bytes exclude gradients, optimizer, activations and vocabulary. Classifier weights were not exported; disk size is unavailable.","Provided annotation, adjudication unknown; pooled out-of-fold conditional classification; fit is SUM of 3 independently fitted folds; batched timing is not interactive latency."
"knn","timebank_tlink","ro","completed_provided_annotation_diagnostic","0.29707640000000002","26.618404100000003","5.5362737312811987","180.62690693015662","0.39413477537437602","0.21537265784047754","","11571","11680",,,,"504.125","539.24609375","560.73046875",,,,,"Min/max over three folds. Working set is the shared process snapshot before/after each trial; lifetime peak includes earlier algorithms, native state and retained data. Not isolated model RAM. Feature dimensions are the fitted concatenated input, before CART selection. Float32 parameter bytes exclude gradients, optimizer, activations and vocabulary. Classifier weights were not exported; disk size is unavailable.","Provided annotation, adjudication unknown; pooled out-of-fold conditional classification; fit is SUM of 3 independently fitted folds; batched timing is not interactive latency."
"naive_bayes","timebank_tlink","ro","completed_provided_annotation_diagnostic","0.2614437","0.13093290000000002","0.027232300332778705","36721.099127873887","0.29991680532445925","0.059981396465328414","","11571","11680",,,,"328.33984375","351.2265625","555.9921875",,,,,"Min/max over three folds. Working set is the shared process snapshot before/after each trial; lifetime peak includes earlier algorithms, native state and retained data. Not isolated model RAM. Feature dimensions are the fitted concatenated input, before CART selection. Float32 parameter bytes exclude gradients, optimizer, activations and vocabulary. Classifier weights were not exported; disk size is unavailable.","Provided annotation, adjudication unknown; pooled out-of-fold conditional classification; fit is SUM of 3 independently fitted folds; batched timing is not interactive latency."
"mlp","timebank_tlink","ro","completed_provided_annotation_diagnostic","15.707501600000001","1.3115143","0.27277751663893512","3665.9912896107958","0.2851497504159734","0.057629432151426289","",,,"2048","2048","64","526.390625","322.96484375","560.73046875","131981","132046","528184",,"Min/max over three folds. Working set is the shared process snapshot before/after each trial; lifetime peak includes earlier algorithms, native state and retained data. Not isolated model RAM. Feature dimensions are the fitted concatenated input, before CART selection. Float32 parameter bytes exclude gradients, optimizer, activations and vocabulary. Classifier weights were not exported; disk size is unavailable.","Provided annotation, adjudication unknown; pooled out-of-fold conditional classification; fit is SUM of 3 independently fitted folds; batched timing is not interactive latency."
"cnn","timebank_tlink","ro","completed_provided_annotation_diagnostic","17.3856903","1.4446802999999999","0.300474272046589","3328.0719616651518","0.29097337770382697","0.086472440815752991","",,,"2048","2048","64","299.12109375","336.62109375","560.73046875","69069","69102","276408",,"Min/max over three folds. Working set is the shared process snapshot before/after each trial; lifetime peak includes earlier algorithms, native state and retained data. Not isolated model RAM. Feature dimensions are the fitted concatenated input, before CART selection. Float32 parameter bytes exclude gradients, optimizer, activations and vocabulary. Classifier weights were not exported; disk size is unavailable.","Provided annotation, adjudication unknown; pooled out-of-fold conditional classification; fit is SUM of 3 independently fitted folds; batched timing is not interactive latency."
"rnn","timebank_tlink","ro","completed_provided_annotation_diagnostic","21.0805659","1.5963551999999999","0.3320206322795341","3011.8610194021985","0.26767886855241263","0.0689509364302308","",,,"2048","2048","64","333.84375","323.7890625","560.73046875","74413","74446","297784",,"Min/max over three folds. Working set is the shared process snapshot before/after each trial; lifetime peak includes earlier algorithms, native state and retained data. Not isolated model RAM. Feature dimensions are the fitted concatenated input, before CART selection. Float32 parameter bytes exclude gradients, optimizer, activations and vocabulary. Classifier weights were not exported; disk size is unavailable.","Provided annotation, adjudication unknown; pooled out-of-fold conditional classification; fit is SUM of 3 independently fitted folds; batched timing is not interactive latency."
"transformer","timebank_tlink","ro","completed_provided_annotation_diagnostic","31.792135399999999","2.1117246000000001","0.43921060732113143","2276.8120426309379","0.28722961730449253","0.087601254627557829","",,,"2048","2048","64","315.328125","343.82421875","560.73046875","76557","76590","306360",,"Min/max over three folds. Working set is the shared process snapshot before/after each trial; lifetime peak includes earlier algorithms, native state and retained data. Not isolated model RAM. Feature dimensions are the fitted concatenated input, before CART selection. Float32 parameter bytes exclude gradients, optimizer, activations and vocabulary. Classifier weights were not exported; disk size is unavailable.","Provided annotation, adjudication unknown; pooled out-of-fold conditional classification; fit is SUM of 3 independently fitted folds; batched timing is not interactive latency."
"linear_regression_ovr","timebank_slink","ro","completed_provided_annotation_diagnostic","1.9341021","0.089245199999999997","0.041840225035161743","23900.445065953129","0.83544303797468356","0.67503262620892646","","10048","10292",,,,"352.82421875","375.84765625","429.421875",,,,,"Min/max over three folds. Working set is the shared process snapshot before/after each trial; lifetime peak includes earlier algorithms, native state and retained data. Not isolated model RAM. Feature dimensions are the fitted concatenated input, before CART selection. Float32 parameter bytes exclude gradients, optimizer, activations and vocabulary. Classifier weights were not exported; disk size is unavailable.","Provided annotation, adjudication unknown; pooled out-of-fold conditional classification; fit is SUM of 3 independently fitted folds; batched timing is not interactive latency."
"sdca","timebank_slink","ro","completed_provided_annotation_diagnostic","0.82719239999999994","0.054357199999999994","0.025483919362400371","39240.431810321359","0.83263009845288327","0.64538712192628778","","10048","10292",,,,"313.46875","317.32421875","424.84765625",,,,,"Min/max over three folds. Working set is the shared process snapshot before/after each trial; lifetime peak includes earlier algorithms, native state and retained data. Not isolated model RAM. Feature dimensions are the fitted concatenated input, before CART selection. Float32 parameter bytes exclude gradients, optimizer, activations and vocabulary. Classifier weights were not exported; disk size is unavailable.","Provided annotation, adjudication unknown; pooled out-of-fold conditional classification; fit is SUM of 3 independently fitted folds; batched timing is not interactive latency."
"lbfgs","timebank_slink","ro","completed_provided_annotation_diagnostic","2.3039075000000002","0.051089599999999999","0.023951992498827939","41750.180075788419","0.80684481950304732","0.50319922582094523","","10048","10292",,,,"306.8359375","317.1328125","424.84765625",,,,,"Min/max over three folds. Working set is the shared process snapshot before/after each trial; lifetime peak includes earlier algorithms, native state and retained data. Not isolated model RAM. Feature dimensions are the fitted concatenated input, before CART selection. Float32 parameter bytes exclude gradients, optimizer, activations and vocabulary. Classifier weights were not exported; disk size is unavailable.","Provided annotation, adjudication unknown; pooled out-of-fold conditional classification; fit is SUM of 3 independently fitted folds; batched timing is not interactive latency."
"decision_tree","timebank_slink","ro","completed_provided_annotation_diagnostic","0.30905470000000002","0.069037000000000001","0.032366150961087671","30896.475802830366","0.75527426160337552","0.48005848883041297","","10048","10292",,,,"359.15625","383.4296875","429.421875",,,,,"Min/max over three folds. Working set is the shared process snapshot before/after each trial; lifetime peak includes earlier algorithms, native state and retained data. Not isolated model RAM. Feature dimensions are the fitted concatenated input, before CART selection. Float32 parameter bytes exclude gradients, optimizer, activations and vocabulary. Classifier weights were not exported; disk size is unavailable.","Provided annotation, adjudication unknown; pooled out-of-fold conditional classification; fit is SUM of 3 independently fitted folds; batched timing is not interactive latency."
"fastforest_ova","timebank_slink","ro","completed_provided_annotation_diagnostic","117.7176805","0.088857099999999994","0.041658274730426624","24004.834729019967","0.83028598218471639","0.73882884035952945","","10048","10292",,,,"309.64453125","360.453125","424.84765625",,,,,"Min/max over three folds. Working set is the shared process snapshot before/after each trial; lifetime peak includes earlier algorithms, native state and retained data. Not isolated model RAM. Feature dimensions are the fitted concatenated input, before CART selection. Float32 parameter bytes exclude gradients, optimizer, activations and vocabulary. Classifier weights were not exported; disk size is unavailable.","Provided annotation, adjudication unknown; pooled out-of-fold conditional classification; fit is SUM of 3 independently fitted folds; batched timing is not interactive latency."
"fasttree_ova","timebank_slink","ro","completed_provided_annotation_diagnostic","358.09807899999998","0.11947250000000001","0.05601148616971402","17853.480926573058","0.83497421472105016","0.72923830605771334","","10048","10292",,,,"320.71875","348.3203125","424.84765625",,,,,"Min/max over three folds. Working set is the shared process snapshot before/after each trial; lifetime peak includes earlier algorithms, native state and retained data. Not isolated model RAM. Feature dimensions are the fitted concatenated input, before CART selection. Float32 parameter bytes exclude gradients, optimizer, activations and vocabulary. Classifier weights were not exported; disk size is unavailable.","Provided annotation, adjudication unknown; pooled out-of-fold conditional classification; fit is SUM of 3 independently fitted folds; batched timing is not interactive latency."
"lightgbm","timebank_slink","ro","completed_provided_annotation_diagnostic","31.222723900000002","0.097196100000000007","0.045567791842475384","21945.32496674249","0.82419127988748242","0.67410445708279021","","10048","10292",,,,"338.5859375","367.2578125","429.421875",,,,,"Min/max over three folds. Working set is the shared process snapshot before/after each trial; lifetime peak includes earlier algorithms, native state and retained data. Not isolated model RAM. Feature dimensions are the fitted concatenated input, before CART selection. Float32 parameter bytes exclude gradients, optimizer, activations and vocabulary. Classifier weights were not exported; disk size is unavailable.","Provided annotation, adjudication unknown; pooled out-of-fold conditional classification; fit is SUM of 3 independently fitted folds; batched timing is not interactive latency."
"linear_svm_ova","timebank_slink","ro","completed_provided_annotation_diagnostic","3.9844933999999999","0.064573699999999998","0.030273652133145805","33032.023873496488","0.85513361462728554","0.76725299181842643","","10048","10292",,,,"309.34765625","313.64453125","424.84765625",,,,,"Min/max over three folds. Working set is the shared process snapshot before/after each trial; lifetime peak includes earlier algorithms, native state and retained data. Not isolated model RAM. Feature dimensions are the fitted concatenated input, before CART selection. Float32 parameter bytes exclude gradients, optimizer, activations and vocabulary. Classifier weights were not exported; disk size is unavailable.","Provided annotation, adjudication unknown; pooled out-of-fold conditional classification; fit is SUM of 3 independently fitted folds; batched timing is not interactive latency."
"knn","timebank_slink","ro","completed_provided_annotation_diagnostic","0.15672449999999999","6.5077993000000003","3.0510076418190346","327.76056876861583","0.79418659165494609","0.71017664419214122","","10048","10292",,,,"367.203125","384.57421875","429.421875",,,,,"Min/max over three folds. Working set is the shared process snapshot before/after each trial; lifetime peak includes earlier algorithms, native state and retained data. Not isolated model RAM. Feature dimensions are the fitted concatenated input, before CART selection. Float32 parameter bytes exclude gradients, optimizer, activations and vocabulary. Classifier weights were not exported; disk size is unavailable.","Provided annotation, adjudication unknown; pooled out-of-fold conditional classification; fit is SUM of 3 independently fitted folds; batched timing is not interactive latency."
"naive_bayes","timebank_slink","ro","completed_provided_annotation_diagnostic","0.15694059999999999","0.094562599999999997","0.04433314580403188","22556.486391025628","0.7585560243788092","0.27728956297477608","","10048","10292",,,,"307.30859375","317.16796875","424.84765625",,,,,"Min/max over three folds. Working set is the shared process snapshot before/after each trial; lifetime peak includes earlier algorithms, native state and retained data. Not isolated model RAM. Feature dimensions are the fitted concatenated input, before CART selection. Float32 parameter bytes exclude gradients, optimizer, activations and vocabulary. Classifier weights were not exported; disk size is unavailable.","Provided annotation, adjudication unknown; pooled out-of-fold conditional classification; fit is SUM of 3 independently fitted folds; batched timing is not interactive latency."
"mlp","timebank_slink","ro","completed_provided_annotation_diagnostic","7.0670386000000001","0.62291730000000001","0.29203811533052038","3424.2105653511308","0.56352555086732303","0.20075039286558338","",,,"2048","2048","64","371.54296875","311.5","434.96484375","131526","131526","526104",,"Min/max over three folds. Working set is the shared process snapshot before/after each trial; lifetime peak includes earlier algorithms, native state and retained data. Not isolated model RAM. Feature dimensions are the fitted concatenated input, before CART selection. Float32 parameter bytes exclude gradients, optimizer, activations and vocabulary. Classifier weights were not exported; disk size is unavailable.","Provided annotation, adjudication unknown; pooled out-of-fold conditional classification; fit is SUM of 3 independently fitted folds; batched timing is not interactive latency."
"cnn","timebank_slink","ro","completed_provided_annotation_diagnostic","7.732845600000001","0.67902390000000001","0.31834219409282699","3141.273819669676","0.72620721987810599","0.27416714206931586","",,,"2048","2048","64","296.91796875","314.21875","434.96484375","68838","68838","275352",,"Min/max over three folds. Working set is the shared process snapshot before/after each trial; lifetime peak includes earlier algorithms, native state and retained data. Not isolated model RAM. Feature dimensions are the fitted concatenated input, before CART selection. Float32 parameter bytes exclude gradients, optimizer, activations and vocabulary. Classifier weights were not exported; disk size is unavailable.","Provided annotation, adjudication unknown; pooled out-of-fold conditional classification; fit is SUM of 3 independently fitted folds; batched timing is not interactive latency."
"rnn","timebank_slink","ro","completed_provided_annotation_diagnostic","9.5831748000000001","0.71113730000000008","0.33339770276605724","2999.4207869563302","0.46507266760431315","0.1670800292134248","",,,"2048","2048","64","306.07421875","313.109375","434.96484375","74182","74182","296728",,"Min/max over three folds. Working set is the shared process snapshot before/after each trial; lifetime peak includes earlier algorithms, native state and retained data. Not isolated model RAM. Feature dimensions are the fitted concatenated input, before CART selection. Float32 parameter bytes exclude gradients, optimizer, activations and vocabulary. Classifier weights were not exported; disk size is unavailable.","Provided annotation, adjudication unknown; pooled out-of-fold conditional classification; fit is SUM of 3 independently fitted folds; batched timing is not interactive latency."
"transformer","timebank_slink","ro","completed_provided_annotation_diagnostic","13.9226437","0.97649430000000004","0.45780323488045011","2184.344547633304","0.72714486638537268","0.26575448936190504","",,,"2048","2048","64","310.4765625","314.12890625","434.96484375","76326","76326","305304",,"Min/max over three folds. Working set is the shared process snapshot before/after each trial; lifetime peak includes earlier algorithms, native state and retained data. Not isolated model RAM. Feature dimensions are the fitted concatenated input, before CART selection. Float32 parameter bytes exclude gradients, optimizer, activations and vocabulary. Classifier weights were not exported; disk size is unavailable.","Provided annotation, adjudication unknown; pooled out-of-fold conditional classification; fit is SUM of 3 independently fitted folds; batched timing is not interactive latency."
"linear_regression_ovr","timebank_alink","ro","completed_provided_annotation_diagnostic","0.32535619999999998","0.034734300000000003","0.17454422110552767","5729.2071525840447","0.63819095477386933","0.61638752966473698","","7272","7304",,,,"134.015625","248.7265625","270.01171875",,,,,"Min/max over three folds. Working set is the shared process snapshot before/after each trial; lifetime peak includes earlier algorithms, native state and retained data. Not isolated model RAM. Feature dimensions are the fitted concatenated input, before CART selection. Float32 parameter bytes exclude gradients, optimizer, activations and vocabulary. Classifier weights were not exported; disk size is unavailable.","Provided annotation, adjudication unknown; pooled out-of-fold conditional classification; fit is SUM of 3 independently fitted folds; batched timing is not interactive latency."
"sdca","timebank_alink","ro","completed_provided_annotation_diagnostic","0.61965159999999997","0.047488799999999998","0.23863718592964822","4190.4617509812842","0.61306532663316582","0.54157011130289201","","7272","7304",,,,"94.37109375","262.5","270.01171875",,,,,"Min/max over three folds. Working set is the shared process snapshot before/after each trial; lifetime peak includes earlier algorithms, native state and retained data. Not isolated model RAM. Feature dimensions are the fitted concatenated input, before CART selection. Float32 parameter bytes exclude gradients, optimizer, activations and vocabulary. Classifier weights were not exported; disk size is unavailable.","Provided annotation, adjudication unknown; pooled out-of-fold conditional classification; fit is SUM of 3 independently fitted folds; batched timing is not interactive latency."
"lbfgs","timebank_alink","ro","completed_provided_annotation_diagnostic","0.75186609999999998","0.056334099999999998","0.2830859296482412","3532.4963033047479","0.542713567839196","0.42970208086487149","","7272","7304",,,,"108.53125","262.98828125","270.01171875",,,,,"Min/max over three folds. Working set is the shared process snapshot before/after each trial; lifetime peak includes earlier algorithms, native state and retained data. Not isolated model RAM. Feature dimensions are the fitted concatenated input, before CART selection. Float32 parameter bytes exclude gradients, optimizer, activations and vocabulary. Classifier weights were not exported; disk size is unavailable.","Provided annotation, adjudication unknown; pooled out-of-fold conditional classification; fit is SUM of 3 independently fitted folds; batched timing is not interactive latency."
"decision_tree","timebank_alink","ro","completed_provided_annotation_diagnostic","0.17037849999999999","0.023725899999999998","0.11922562814070352","8387.4584315031261","0.60804020100502509","0.53421094667606284","","7272","7304",,,,"137.33203125","249.23828125","270.01171875",,,,,"Min/max over three folds. Working set is the shared process snapshot before/after each trial; lifetime peak includes earlier algorithms, native state and retained data. Not isolated model RAM. Feature dimensions are the fitted concatenated input, before CART selection. Float32 parameter bytes exclude gradients, optimizer, activations and vocabulary. Classifier weights were not exported; disk size is unavailable.","Provided annotation, adjudication unknown; pooled out-of-fold conditional classification; fit is SUM of 3 independently fitted folds; batched timing is not interactive latency."
"fastforest_ova","timebank_alink","ro","completed_provided_annotation_diagnostic","19.767357799999999","0.073152400000000006","0.36759999999999998","2720.3482045701849","0.64824120603015079","0.62171832946026495","","7272","7304",,,,"125.64453125","237.80859375","270.01171875",,,,,"Min/max over three folds. Working set is the shared process snapshot before/after each trial; lifetime peak includes earlier algorithms, native state and retained data. Not isolated model RAM. Feature dimensions are the fitted concatenated input, before CART selection. Float32 parameter bytes exclude gradients, optimizer, activations and vocabulary. Classifier weights were not exported; disk size is unavailable.","Provided annotation, adjudication unknown; pooled out-of-fold conditional classification; fit is SUM of 3 independently fitted folds; batched timing is not interactive latency."
"fasttree_ova","timebank_alink","ro","completed_provided_annotation_diagnostic","89.597889699999996","0.045588400000000001","0.22908743718592964","4365.1455194742521","0.65326633165829151","0.61143041669895892","","7272","7304",,,,"126.51953125","236.51953125","270.01171875",,,,,"Min/max over three folds. Working set is the shared process snapshot before/after each trial; lifetime peak includes earlier algorithms, native state and retained data. Not isolated model RAM. Feature dimensions are the fitted concatenated input, before CART selection. Float32 parameter bytes exclude gradients, optimizer, activations and vocabulary. Classifier weights were not exported; disk size is unavailable.","Provided annotation, adjudication unknown; pooled out-of-fold conditional classification; fit is SUM of 3 independently fitted folds; batched timing is not interactive latency."
"lightgbm","timebank_alink","ro","completed_provided_annotation_diagnostic","3.3280670000000003","0.035523100000000002","0.17850804020100502","5601.98856518716","0.62311557788944727","0.58213268788216466","","7272","7304",,,,"118.23046875","242.12890625","270.01171875",,,,,"Min/max over three folds. Working set is the shared process snapshot before/after each trial; lifetime peak includes earlier algorithms, native state and retained data. Not isolated model RAM. Feature dimensions are the fitted concatenated input, before CART selection. Float32 parameter bytes exclude gradients, optimizer, activations and vocabulary. Classifier weights were not exported; disk size is unavailable.","Provided annotation, adjudication unknown; pooled out-of-fold conditional classification; fit is SUM of 3 independently fitted folds; batched timing is not interactive latency."
"linear_svm_ova","timebank_alink","ro","completed_provided_annotation_diagnostic","0.86330089999999993","0.067909499999999998","0.34125376884422109","2930.3705667101071","0.68341708542713564","0.63056098435822916","","7272","7304",,,,"121.82421875","262.23046875","270.01171875",,,,,"Min/max over three folds. Working set is the shared process snapshot before/after each trial; lifetime peak includes earlier algorithms, native state and retained data. Not isolated model RAM. Feature dimensions are the fitted concatenated input, before CART selection. Float32 parameter bytes exclude gradients, optimizer, activations and vocabulary. Classifier weights were not exported; disk size is unavailable.","Provided annotation, adjudication unknown; pooled out-of-fold conditional classification; fit is SUM of 3 independently fitted folds; batched timing is not interactive latency."
"knn","timebank_alink","ro","completed_provided_annotation_diagnostic","0.0790188","0.15106040000000001","0.75909748743718597","1317.3538531607223","0.62311557788944727","0.55701750185267385","","7272","7304",,,,"137.90625","249.5","270.01171875",,,,,"Min/max over three folds. Working set is the shared process snapshot before/after each trial; lifetime peak includes earlier algorithms, native state and retained data. Not isolated model RAM. Feature dimensions are the fitted concatenated input, before CART selection. Float32 parameter bytes exclude gradients, optimizer, activations and vocabulary. Classifier weights were not exported; disk size is unavailable.","Provided annotation, adjudication unknown; pooled out-of-fold conditional classification; fit is SUM of 3 independently fitted folds; batched timing is not interactive latency."
"naive_bayes","timebank_alink","ro","completed_provided_annotation_diagnostic","0.16054659999999998","0.065011899999999997","0.32669296482412058","3060.9780670923324","0.35175879396984927","0.11832778394376617","","7272","7304",,,,"116.71484375","264.2890625","270.01171875",,,,,"Min/max over three folds. Working set is the shared process snapshot before/after each trial; lifetime peak includes earlier algorithms, native state and retained data. Not isolated model RAM. Feature dimensions are the fitted concatenated input, before CART selection. Float32 parameter bytes exclude gradients, optimizer, activations and vocabulary. Classifier weights were not exported; disk size is unavailable.","Provided annotation, adjudication unknown; pooled out-of-fold conditional classification; fit is SUM of 3 independently fitted folds; batched timing is not interactive latency."
"mlp","timebank_alink","ro","completed_provided_annotation_diagnostic","0.89166319999999999","0.088355099999999992","0.44399547738693462","2252.275194074819","0.17587939698492464","0.12848410291951834","",,,"2048","2048","64","141.97265625","262.84375","270.01171875","131461","131461","525844",,"Min/max over three folds. Working set is the shared process snapshot before/after each trial; lifetime peak includes earlier algorithms, native state and retained data. Not isolated model RAM. Feature dimensions are the fitted concatenated input, before CART selection. Float32 parameter bytes exclude gradients, optimizer, activations and vocabulary. Classifier weights were not exported; disk size is unavailable.","Provided annotation, adjudication unknown; pooled out-of-fold conditional classification; fit is SUM of 3 independently fitted folds; batched timing is not interactive latency."
"cnn","timebank_alink","ro","completed_provided_annotation_diagnostic","0.89380480000000007","0.0826601","0.41537738693467335","2407.4493014162817","0.3165829145728643","0.13982262947780189","",,,"2048","2048","64","239.8203125","265.5234375","270.01171875","68805","68805","275220",,"Min/max over three folds. Working set is the shared process snapshot before/after each trial; lifetime peak includes earlier algorithms, native state and retained data. Not isolated model RAM. Feature dimensions are the fitted concatenated input, before CART selection. Float32 parameter bytes exclude gradients, optimizer, activations and vocabulary. Classifier weights were not exported; disk size is unavailable.","Provided annotation, adjudication unknown; pooled out-of-fold conditional classification; fit is SUM of 3 independently fitted folds; batched timing is not interactive latency."
"rnn","timebank_alink","ro","completed_provided_annotation_diagnostic","1.0190083000000001","0.082952400000000009","0.41684623115577896","2398.9661540835464","0.28140703517587939","0.16060096337640492","",,,"2048","2048","64","243.7578125","271.62109375","271.63671875","74149","74149","296596",,"Min/max over three folds. Working set is the shared process snapshot before/after each trial; lifetime peak includes earlier algorithms, native state and retained data. Not isolated model RAM. Feature dimensions are the fitted concatenated input, before CART selection. Float32 parameter bytes exclude gradients, optimizer, activations and vocabulary. Classifier weights were not exported; disk size is unavailable.","Provided annotation, adjudication unknown; pooled out-of-fold conditional classification; fit is SUM of 3 independently fitted folds; batched timing is not interactive latency."
"transformer","timebank_alink","ro","completed_provided_annotation_diagnostic","1.4763655999999998","0.11008009999999999","0.55316633165829143","1807.7745205536698","0.33668341708542715","0.10075187969924811","",,,"2048","2048","64","249.6875","274.41015625","274.41015625","76293","76293","305172",,"Min/max over three folds. Working set is the shared process snapshot before/after each trial; lifetime peak includes earlier algorithms, native state and retained data. Not isolated model RAM. Feature dimensions are the fitted concatenated input, before CART selection. Float32 parameter bytes exclude gradients, optimizer, activations and vocabulary. Classifier weights were not exported; disk size is unavailable.","Provided annotation, adjudication unknown; pooled out-of-fold conditional classification; fit is SUM of 3 independently fitted folds; batched timing is not interactive latency."
"mlnet_kmeans","unlabeled_book_exploration","ro","completed_unlabeled_exploration","39.295737100000004","4.3138975999999998","","","","","heldout distance=0.41793; DBI=4.9256","706013","706013",,,,,"401.08984375","433.76171875",,,,"23035716","Shared process snapshot after assessment; lifetime peak includes previous pipelines/native state. Artifact bytes are compressed ML.NET pipelines or transductive sample JSON; parameter bytes exclude gradients, optimizer and activations.","Heldout lexical geometry; distance/DBI across text and PCA feature spaces are not directly comparable semantic measures. Fit includes shared text featurizer; assessment transforms/scores BOTH training and heldout rows and computes cluster summaries. Split: complete_document_component_holdout"
"mlnet_pca_kmeans","unlabeled_book_exploration","ro","completed_unlabeled_exploration","47.843026700000003","2.6696271","","","","","heldout distance=0.85429; DBI=3.0448; PCA basis fit s=8.448","32","32",,,,,"553.09765625","559.56640625",,,,"40632685","Shared process snapshot after assessment; lifetime peak includes previous pipelines/native state. Artifact bytes are compressed ML.NET pipelines or transductive sample JSON; parameter bytes exclude gradients, optimizer and activations.","Heldout lexical geometry; distance/DBI across text and PCA feature spaces are not directly comparable semantic measures. Fit includes shared text featurizer; assessment transforms/scores BOTH training and heldout rows and computes cluster summaries. Split: complete_document_component_holdout"
"csharp_average_linkage_hierarchical","unlabeled_book_exploration","ro","completed_unlabeled_exploration","10.745647000000002","0.034338599999999997","","","","","sample clusters=8; noise=0.00%; silhouette=0.0664","32","32",,,,,"643.27734375","646.49609375",,,,"194965","Shared process snapshot after assessment; lifetime peak includes previous pipelines/native state. Artifact bytes are compressed ML.NET pipelines or transductive sample JSON; parameter bytes exclude gradients, optimizer and activations.","Transductive deterministic training sample only; no supervised or heldout classification accuracy. Fit includes shared text/PCA fitting, bounded training-sample projection and clustering; assessment is sample silhouette/noise, not heldout prediction. Split: complete_document_component_holdout"
"csharp_dbscan","unlabeled_book_exploration","ro","completed_unlabeled_exploration","10.731730500000001","0.00013799999999999999","","","","","sample clusters=0; noise=100.00%; silhouette=N/A","32","32",,,,,"643.30078125","646.49609375",,,,"195199","Shared process snapshot after assessment; lifetime peak includes previous pipelines/native state. Artifact bytes are compressed ML.NET pipelines or transductive sample JSON; parameter bytes exclude gradients, optimizer and activations.","Transductive deterministic training sample only; no supervised or heldout classification accuracy. Fit includes shared text/PCA fitting, bounded training-sample projection and clustering; assessment is sample silhouette/noise, not heldout prediction. Split: complete_document_component_holdout"
"csharp_torchsharp_autoencoder","unlabeled_book_exploration","ro","completed_unlabeled_exploration","16.9750716","0.44624980000000003","","","","","heldout MSE=0.008020; mean baseline=0.031065; zero baseline=0.031250","32","32",,,,,"641.76171875","646.49609375","6320","6320","25280",,"Shared process snapshot after assessment; lifetime peak includes previous pipelines/native state. Artifact bytes are compressed ML.NET pipelines or transductive sample JSON; parameter bytes exclude gradients, optimizer and activations.","Scratch C# TorchSharp neural experiment; normalized PCA-vector reconstruction, not prose generation or semantic accuracy; weights not exported/deployed. Fit includes shared text/PCA fitting and training-vector transformation; prediction includes heldout transformation, reconstruction/MSE and latent encoding. Split: complete_document_component_holdout"
"mlnet_kmeans","unlabeled_book_exploration","en","completed_unlabeled_exploration","2.6781763999999999","0.58505870000000004","","","","","heldout distance=0.39195; DBI=2.5466","80599","80599",,,,,"132.09765625","132.09765625",,,,"2444504","Shared process snapshot after assessment; lifetime peak includes previous pipelines/native state. Artifact bytes are compressed ML.NET pipelines or transductive sample JSON; parameter bytes exclude gradients, optimizer and activations.","Heldout lexical geometry; distance/DBI across text and PCA feature spaces are not directly comparable semantic measures. Fit includes shared text featurizer; assessment transforms/scores BOTH training and heldout rows and computes cluster summaries. Split: within_source_work_normalized_passage_holdout"
"mlnet_pca_kmeans","unlabeled_book_exploration","en","completed_unlabeled_exploration","4.4738107999999999","0.59331909999999999","","","","","heldout distance=0.68199; DBI=2.3482; PCA basis fit s=1.362","32","32",,,,,"138.62890625","139.265625",,,,"4780823","Shared process snapshot after assessment; lifetime peak includes previous pipelines/native state. Artifact bytes are compressed ML.NET pipelines or transductive sample JSON; parameter bytes exclude gradients, optimizer and activations.","Heldout lexical geometry; distance/DBI across text and PCA feature spaces are not directly comparable semantic measures. Fit includes shared text featurizer; assessment transforms/scores BOTH training and heldout rows and computes cluster summaries. Split: within_source_work_normalized_passage_holdout"
"csharp_average_linkage_hierarchical","unlabeled_book_exploration","en","completed_unlabeled_exploration","1.9229978999999999","0.034411799999999999","","","","","sample clusters=8; noise=0.00%; silhouette=0.0615","32","32",,,,,"237.96484375","237.96484375",,,,"195143","Shared process snapshot after assessment; lifetime peak includes previous pipelines/native state. Artifact bytes are compressed ML.NET pipelines or transductive sample JSON; parameter bytes exclude gradients, optimizer and activations.","Transductive deterministic training sample only; no supervised or heldout classification accuracy. Fit includes shared text/PCA fitting, bounded training-sample projection and clustering; assessment is sample silhouette/noise, not heldout prediction. Split: within_source_work_normalized_passage_holdout"
"csharp_dbscan","unlabeled_book_exploration","en","completed_unlabeled_exploration","1.9154523999999999","0.00013229999999999999","","","","","sample clusters=0; noise=100.00%; silhouette=N/A","32","32",,,,,"238.72265625","238.72265625",,,,"195377","Shared process snapshot after assessment; lifetime peak includes previous pipelines/native state. Artifact bytes are compressed ML.NET pipelines or transductive sample JSON; parameter bytes exclude gradients, optimizer and activations.","Transductive deterministic training sample only; no supervised or heldout classification accuracy. Fit includes shared text/PCA fitting, bounded training-sample projection and clustering; assessment is sample silhouette/noise, not heldout prediction. Split: within_source_work_normalized_passage_holdout"
"csharp_torchsharp_autoencoder","unlabeled_book_exploration","en","completed_unlabeled_exploration","2.5053110999999997","0.0672127","","","","","heldout MSE=0.025232; mean baseline=0.031259; zero baseline=0.031250","32","32",,,,,"234.5","234.5","6320","6320","25280",,"Shared process snapshot after assessment; lifetime peak includes previous pipelines/native state. Artifact bytes are compressed ML.NET pipelines or transductive sample JSON; parameter bytes exclude gradients, optimizer and activations.","Scratch C# TorchSharp neural experiment; normalized PCA-vector reconstruction, not prose generation or semantic accuracy; weights not exported/deployed. Fit includes shared text/PCA fitting and training-vector transformation; prediction includes heldout transformation, reconstruction/MSE and latent encoding. Split: within_source_work_normalized_passage_holdout"
